post_id,url,author_name,author_handle,published_at,text,impressions,likes,replies,reposts,bookmarks,spark_lab_visible_match,spark_lab_body_match,source_tabs,metric_label
2086387511807586317,https://x.com/damonchen/status/2086387511807586317,Damon Chen,@damonchen,2026-08-09T09:42:00.000Z,"Meeting long-time internet friends is amazing

We all went from unemployed, to making crappy products, to landing the first paying customer, to iterating products to make them better

Now we're making our life better

This time I met 
@marclou
 
与长期在互联网上结识的朋友见面真是太棒了。

我们都经历过从失业状态，到制造质量低劣的产品，再到获得第一个付费客户的过程。之后，我们不断对产品进行改进，努力提升其质量。

现在，我们正在让生活变得更美好。

这次我遇到了 @marclou 和  。",192234,694,77,16,61,False,False,"Latest,Top","77 replies, 16 reposts, 694 likes, Liked, 61 bookmarks, 192234 views"
2086315104472383847,https://x.com/marclou/status/2086315104472383847,Marc Lou,@marclou,2026-08-09T04:54:17.000Z," MEETUP UPDATE — PLEASE READ

Unfortunately, we have to cancel today’s meetup.

Because of the typhoon and heavy rain, the venue is now partially flooded, with water getting inside. For everyone’s safety, we strongly recommend not coming to the meetup today.

However, I know
  活动更新——请务必阅读

很遗憾，我们不得不取消今天的聚会。

由于台风和暴雨的影响，活动现场已经部分被水淹没。为了大家的安全着想，我们强烈建议今天不要来参加这次聚会了。

不过，我知道。",173516,635,95,24,67,False,False,"Latest,Top","95 replies, 24 reposts, 635 likes, Liked, 67 bookmarks, 173516 views"
2086653787478102487,https://x.com/damonchen/status/2086653787478102487,Damon Chen,@damonchen,2026-08-10T03:20:05.000Z,"At yesterday's meetup I asked Marc why he's never shipped an AI wrapper 

His two most profitable products have almost nothing to do with AI. Everyone else is chasing the AI hype. He just doesn't.

His answer had two parts.

1. he builds things he wants to use himself every
在昨天的聚会上，我问马克，为什么他从未发布过任何与 AI 相关的工具或软件。

他最赚钱的两种产品其实与人工智能毫无关系。其他人都都在追逐人工智能的热潮，而他则不然。

他的回答分为两部分。

1. 他只打造自己真正想使用的东西。",163556,329,43,21,110,False,False,"Latest,Top","43 replies, 21 reposts, 329 likes, 110 bookmarks, 163556 views"
2086700255949865456,https://x.com/marclou/status/2086700255949865456,Marc Lou,@marclou,2026-08-10T06:24:44.000Z,"I only build 2 types of startups now:

1) AI-proof in 10 years. My startup marketplace (TrustMRR) can be cloned with a prompt, but a network of 20K buyers can’t. Trust compounds over time.

2) Trends. Anything hot on tech Twitter this month. GEO, new AI models, it can be
我现在只创办两种类型的初创企业：

1) 10 年后，AI 将无法复制这一模式。我的创业平台 TrustMRR 虽然可以通过简单的指令被复制出来，但拥有 2 万用户的庞大用户网络却无法被复制。信任是随着时间逐渐积累起来的。

2) 趋势。本月科技领域在推特上最受关注的那些话题。与地理位置相关的内容、新的 AI 模型等等。",149536,1599,132,92,1270,False,False,Latest,"132 replies, 92 reposts, 1599 likes, 1270 bookmarks, 149536 views"
2086396907153445174,https://x.com/marclou/status/2086396907153445174,Marc Lou,@marclou,2026-08-09T10:19:20.000Z,"I met my indie hacker hero today 

In 2022 he grew 
http://
testimonial.to to $500k ARR and documented everything on Twitter.

I was so inspired I decided to follow his footpath and that’s partially how I ended up here today! 

He shortened his family trip to come to the
今天我遇到了我心目中的“独立黑客英雄”  

2022 年，他的业务实现了 100%的增长，年度收入达到了 50 万美元。他把所有相关情况都记录在了推特上。

我深受启发，决定追随他的脚步前进。某种程度上，也就是因为如此，我才能来到这里！

他缩短了家庭旅行时间，赶了过来。",138046,1195,89,27,362,False,False,"Latest,Top","89 replies, 27 reposts, 1195 likes, Liked, 362 bookmarks, 138046 views"
2086418004783546696,https://x.com/marclou/status/2086418004783546696,Marc Lou,@marclou,2026-08-09T11:43:10.000Z,"Despite the typhoon and a last-minute cancellation, almost 100 people joined the meetup!

Thank you, everyone 
尽管有台风的影响，再加上最后一刻的取消通知，仍有近 100 人参加了这次聚会！

谢谢大家  ",46733,498,60,22,23,False,False,"Latest,Top","60 replies, 22 reposts, 498 likes, Liked, 23 bookmarks, 46733 views"
2086283076615987446,https://x.com/marclou/status/2086283076615987446,Marc Lou,@marclou,2026-08-09T02:47:01.000Z,"Quick update for today’s meetup:

It’s 100% happening!

Because of the typhoon and heavy rain, the venue won’t be able to open the rooftop and garden as planned, so we’ll have less space than expected.

We have 350+ people registered, and while we don’t expect everyone to show
关于今天聚会的最新消息：

这肯定会发生！/这件事百分之百会实现！

由于台风和暴雨的影响，场地无法按原计划开放屋顶和花园区域。因此，我们的可用空间会比预期的要少。

我们有 350 多人注册了，不过我们不指望所有人都会来。",30905,178,40,8,10,False,False,"Latest,Top","40 replies, 8 reposts, 178 likes, 10 bookmarks, 30905 views"
2086508841815154846,https://x.com/AYi_AInotes/status/2086508841815154846,AYi,@AYi_AInotes,2026-08-09T17:44:08.000Z,"这就是build in public真正的复利效应吧，从做烂产品到让生活变好，中间最关键的变量，我理解就是坚持把自己的思考和实践的真实过程公开，并愿意为真实的人连接付出行动。

左边是
@damonchen",18616,120,44,19,88,False,False,"Latest,Top","44 replies, 19 reposts, 120 likes, 88 bookmarks, 18616 views"
2086320643042431030,https://x.com/marclou/status/2086320643042431030,Marc Lou,@marclou,2026-08-09T05:16:17.000Z,"If you’re still coming, be careful of manhole and electrical hazards
如果你仍然打算继续前进，请小心地井盖以及潜在的电气危险。",9973,36,3,2,0,False,False,Top,"3 replies, 2 reposts, 36 likes, Liked, 9973 views"
2086416165145063788,https://x.com/GoSailGlobal/status/2086416165145063788,Jason Zhu,@GoSailGlobal,2026-08-09T11:35:52.000Z,"I meet two indie hacker hero today

it's someone record it，you can learn a lot from them


https://
shareaudio.iflyrec.com/appShare/share
.html?audioId=SAT555197ebb6304566bfef282c7e4e0d9d
…
今天我遇到了两位独立的“黑客英雄”。

这是别人录下来的内容，你可以从中学到很多东西。

 
https://
shareaudio.iflyrec.com/appShare/share
.html?audioId=SAT555197ebb6304566bfef282c7e4e0d9d
… ",7559,36,12,0,7,False,False,"Latest,Top","12 replies, 36 likes, Liked, 7 bookmarks, 7559 views"
2086418840637039067,https://x.com/marclou/status/2086418840637039067,Marc Lou,@marclou,2026-08-09T11:46:30.000Z,"And big thanks to Sparklab team 
@thisisCHUAN
 
@Yiwei_growth
 
@_koiwest_
 for making this happen <3
非常感谢 Sparklab 的团队 @thisisCHUAN @Yiwei_growth @_koiwest_ 让这一切成为可能<3",6066,12,1,2,1,False,False,Top,"1 reply, 2 reposts, 12 likes, Liked, 1 bookmark, 6066 views"
2086821101640851572,https://x.com/chrisparkX/status/2086821101640851572,Chris Park,@chrisparkX,2026-08-10T14:24:56.000Z,"2) is a great use case for X API
2）是 X API 的绝佳应用场景。",5749,33,8,1,4,False,False,Latest,"8 replies, 1 repost, 33 likes, 4 bookmarks, 5749 views"
2086709915956003296,https://x.com/ImNotAV1rus/status/2086709915956003296,ImNotAVirus,@ImNotAV1rus,2026-08-10T07:03:07.000Z,"Personally I focus on the tools I need and replacing the SaaS I pay for. That way, these are problems I'm familiar with, and I have my own ideas on how to solve them

Later on, I'll also try your first approach, but without an existing audience or established trust, I find that
就我个人而言，我专注于那些我需要的工具，并会替换那些我付费使用的 SaaS 服务。这样，这些问题就由我来处理，而且我也有自己的解决方案。

之后，我也会尝试你的第一种方法，不过这次是没有现有的受众群体，也没有建立起信任关系。我觉得那样会比较困难一些。",5541,7,2,0,0,False,False,Latest,"2 replies, 7 likes, 5541 views"
2086392335881867607,https://x.com/innovate_leo/status/2086392335881867607,Leo | Firsto.co,@innovate_leo,2026-08-09T10:01:10.000Z,"#ShanghaiIndieHackers  
@marclou",4153,33,5,1,2,False,False,"Latest,Top","5 replies, 1 repost, 33 likes, Liked, 2 bookmarks, 4153 views"
2086712095601815683,https://x.com/iamtonyzhu/status/2086712095601815683,Tony出海,@iamtonyzhu,2026-08-10T07:11:47.000Z,"Marc 给出的两个做产品的原则

一个产品、一个网站，基本上 10 分钟就能 AI复刻出来，但是背后的网络影响力、关系、营销方法、路径这些是无法复制的。

找到自己积累的这种东西，特别是现在做自媒体的，这种影响力是别人无法复制的。

第二种就是紧跟最新的趋势 就能喝到汤， 这个月科技 Twitter",4037,27,43,4,30,False,False,Latest,"43 replies, 4 reposts, 27 likes, 30 bookmarks, 4037 views"
2086365721672773789,https://x.com/purusa0x6c/status/2086365721672773789,purusha,@purusa0x6c,2026-08-09T08:15:25.000Z,"China ki PR pe moot diya 
很抱歉，我还未学习到如何回答这个问题的内容，暂时无法提供相关信息。",3982,44,4,2,4,False,False,"Latest,Top","4 replies, 2 reposts, 44 likes, 4 bookmarks, 3982 views"
2086743480181649585,https://x.com/dr/status/2086743480181649585,Dan Rowden,@dr,2026-08-10T09:16:30.000Z,"""Ship one feature in your MVP. See if anyone wants it. If they do, stay on it and listen to the people using it.""

And if not?

I've built three imo good products in the last few years (Huge, Basedoc, PollKit) and they all got zero-to-no traction. Should I have pushed harder?
在您的 MVP 中加入这个功能吧。看看是否有人想要使用它。如果有用户愿意使用，那就继续开发下去，同时关注那些实际使用该功能的用户的情况。

如果那样不行呢？

在过去的几年里，我开发了三款我认为不错的产品（Huge、Basedoc、PollKit）。不过这些产品的销量几乎为零，甚至没有任何市场反响。我应该更加努力地推广它们吗？",3767,8,8,0,3,False,False,Latest,"8 replies, 8 likes, 3 bookmarks, 3767 views"
2086403929747997004,https://x.com/damonchen/status/2086403929747997004,Damon Chen,@damonchen,2026-08-09T10:47:15.000Z,"Way too kind, Marc! You're now a hero to many, many more. 

Thank you for bringing your story and your energy to those young Chinese founders. So happy I made it today, let's do it again!

Until then, X every day haha
你太好了，马克！你现在成了更多人的英雄了。  

感谢您将自己的故事和正能量传递给那些中国的年轻创业者们。很高兴今天能来到这里，让我们再一起努力吧！

在那之前，每天都是 X 哈哈",3245,41,0,2,1,False,False,Top,"2 reposts, 41 likes, 1 bookmark, 3245 views"
2086691311177072910,https://x.com/Yiwei_growth/status/2086691311177072910,Yiwei,@Yiwei_growth,2026-08-10T05:49:12.000Z,"omg！！！！！！！
Love you Marc
(I’m really using 
http://
datafa.st everydayyou are actually my indiehacker hero
天啊！！！！！！！
爱你，马克
(我真的每天都使用 
http://
datafa.st ，  、  、  。你们真是我的“独立黑客英雄”啊。)",3020,23,1,1,0,False,False,"Latest,Top","1 reply, 1 repost, 23 likes, Liked, 3020 views"
2086437595358323034,https://x.com/yann_shi_/status/2086437595358323034,Yann Shi,@yann_shi_,2026-08-09T13:01:01.000Z,"So excited to meet two legends, 
@marclou
  and 
@damonchen
 !

I've heard so many inspiring stories about them, and standing next to them really makes me realize how much I still have to grow.

What impresses me most is that they share their most valuable experiences so openly. They
能见到两位传奇人物， @marclou 和 @damonchen ，真是太激动了！

我听过太多关于他们的励志故事。站在他们身边后，我才意识到自己还有许多需要提升的地方。

最让我印象深刻的是，他们如此坦诚地分享自己最宝贵的经验。他们……",2772,47,5,2,4,False,False,"Latest,Top","5 replies, 2 reposts, 47 likes, 4 bookmarks, 2772 views"
2086715049775857811,https://x.com/hezhiyan7/status/2086715049775857811,droidHZ,@hezhiyan7,2026-08-10T07:23:31.000Z,build in public ，为一群固定的群体做服务，每次有新产品不用从0冷启动，这么模式确实爽啊,2502,8,46,0,3,False,False,Latest,"46 replies, 8 likes, 3 bookmarks, 2502 views"
2086327142116438153,https://x.com/tongtongbee/status/2086327142116438153,Tongtong Bee ,@tongtongbee,2026-08-09T05:42:07.000Z,"老外在上海办开发者见面会遇到台风天，太惨了，今天上海各处都可以划船出行

夏天在上海办活动很容易碰到台风，以及选择老洋房虽然chill，但在台风天体验会更糟糕。

办活动永远需要Plan B，且万能的AI也无法控制台风。",2100,5,32,0,0,False,False,Latest,"32 replies, 5 likes, 2100 views"
2086457582705861119,https://x.com/thisisCHUAN/status/2086457582705861119,CHUAN,@thisisCHUAN,2026-08-09T14:20:26.000Z,"What a way to start. 
My first event 
@SparkLab_City
, and more than 100 builders showed up.
Grateful for everyone who came 
A good space is a container — it attracts the right people, creates unexpected connections, and brings like-minded builders and hackers together.
More to
真是糟糕的开始方式啊。  
我的第一次活动 @SparkLab_City ，有超过 100 名参与者出席。
感谢所有前来的人  
一个优秀的“空间”其实就是一个“容器”：它能够吸引合适的人士聚集在一起，促成意想不到的交流与合作，让志同道合的创客和黑客们团结在一起。
还有更多……",2069,29,4,3,1,False,False,"Latest,Top","4 replies, 3 reposts, 29 likes, Liked, 1 bookmark, 2069 views"
2086327467762192637,https://x.com/innovate_leo/status/2086327467762192637,Leo | Firsto.co,@innovate_leo,2026-08-09T05:43:25.000Z,#ShanghaiIndieHackers,1967,17,1,1,0,False,False,"Latest,Top","1 reply, 1 repost, 17 likes, 1967 views"
2086386274240520203,https://x.com/techyoutbe/status/2086386274240520203,Tech Fusionist,@techyoutbe,2026-08-09T09:37:05.000Z,"We plan our sprints, define our milestones, and track every task… but GOD has the final roadmap…. Stay Safe 
我们规划冲刺计划、确定各个里程碑，并跟踪每一项任务……但最终的走向还是由上帝来决定……  祝大家平安无事  ",1965,4,1,0,0,False,False,"Latest,Top","1 reply, 4 likes, 1965 views"
2086384301285994590,https://x.com/SparkLab_City/status/2086384301285994590,Spark Lab,@SparkLab_City,2026-08-09T09:29:15.000Z,"We’re live. The meetup w/
@marclou
 is happening now!
我们正在直播中。与 @marclou 的见面会现在正在进行中！",1746,23,1,0,0,True,False,"Latest,Top","1 reply, 23 likes, Liked, 1746 views"
2086351586281087435,https://x.com/razvanilin/status/2086351586281087435,Razvan Ilin (Raz),@razvanilin,2026-08-09T07:19:15.000Z,"When I see those kind of flip-flops and water, I always think of this 
每当我看到那种人字拖和海水，就会想起这件事  ",1738,11,0,0,0,False,False,Top,"11 likes, 1738 views"
2086316713617051702,https://x.com/cholf5/status/2086316713617051702,周尔复,@cholf5,2026-08-09T05:00:41.000Z,最近两次上海的台风真的非常讨厌，老是赶在周末，完全不想耽误打工人上班。结果好了，不但毁了所有人的周末，还毁了 Marc 费心组织的 meetup。,1687,6,33,1,0,False,False,"Latest,Top","33 replies, 1 repost, 6 likes, 1687 views"
2086407190777127272,https://x.com/FoxRick01/status/2086407190777127272,Rick A.F.,@FoxRick01,2026-08-09T11:00:12.000Z,"Huge! I missed today because of the typhoon  next time hopefully!
太糟糕了！因为台风的缘故，我今天没能去。希望下次能去吧！    ",1333,0,0,0,0,False,False,Top,1333 views
2086342491914256433,https://x.com/leonardoliuuu/status/2086342491914256433,Leo²,@leonardoliuuu,2026-08-09T06:43:07.000Z,"I was on my way, but all the didi couldn’t even drive much with the water level
我正在路上，但由于水位太高，所有的滴滴司机都无法正常驾驶。",1288,0,0,0,0,False,False,Top,1288 views
2086411915149135992,https://x.com/Yiwei_growth/status/2086411915149135992,Yiwei,@Yiwei_growth,2026-08-09T11:18:58.000Z,"In 
@SparkLab_City
 ,hosting Meetup with 
@marclou
 

It all started with a simple idea and an invitation.

But Actually, a dream come true!!!!(I’ve been user of 
http://
datafa.st I actually use it every single day


MarcLou is incredibly warm‑hearted and humble.
I even
在 @SparkLab_City 中，举办了一次与 @marclou 相关的聚会/活动

这一切都始于一个简单的想法和一份邀请。

不过，实际上，这真是一个梦想成真啊！！！我一直在使用 
http://
datafa.st 这个工具，实际上我每天都在使用它。
        

MarcLou 非常热情且谦逊有礼。
甚至……",1134,36,6,7,1,False,False,"Latest,Top","6 replies, 7 reposts, Reposted, 36 likes, Liked, 1 bookmark, 1134 views"
2086422866703110548,https://x.com/Pauline_Cx/status/2086422866703110548,Pauline Cx,@Pauline_Cx,2026-08-09T12:02:29.000Z,"This ""Where's Wally?"" was pretty fun. I found him in about 45 seconds
这个“沃利在哪里？”游戏相当有趣。我大概用了 45 秒就找到了他。",1125,4,2,0,0,False,False,Top,"2 replies, 4 likes, 1125 views"
2086641604321005879,https://x.com/cellinlab/status/2086641604321005879,Cell 细胞,@cellinlab,2026-08-10T02:31:41.000Z,"失败不会复利，缩短反馈才会！

Marc Lou 的十年独立开发叙事，
经逐时间戳重建、实体纠错与外部研究校验，
整理为一套能被普通构建者复用的学习系统。",1036,2,0,0,0,False,False,Latest,"2 likes, 1036 views"
2086335136631795830,https://x.com/0xinhua/status/2086335136631795830,Kevin Wu,@0xinhua,2026-08-09T06:13:53.000Z,"Typhoon landing, hope everyone will be safe there.
台风即将登陆，希望大家都能平安无事。",957,0,0,0,0,False,False,Top,957 views
2086327521042379218,https://x.com/wangdouglas/status/2086327521042379218,Douglas Wang,@wangdouglas,2026-08-09T05:43:37.000Z,"was planning to come from Hangzhou, but didn’t expect the typhoon to be bad.
原本打算从杭州过来，但没料到台风会这么猛烈。",927,0,0,0,0,False,False,Top,927 views
2086427314938880332,https://x.com/fantexi997/status/2086427314938880332,饭特稀 | Fentix,@fantexi997,2026-08-09T12:20:10.000Z,Two big names in the indie developer community met up - what a great atmosphere,868,0,0,0,0,False,False,Top,868 views
2086730310923001971,https://x.com/rain8miao/status/2086730310923001971,Rain Miao,@rain8miao,2026-08-10T08:24:10.000Z,"Everyone came to Marc Lou’s Shanghai meetup yesterday to learn how he design and build products.

But the most valuable lesson didn’t come from Marc.
It came from Jeff, whom I met in Marc's meetup.

He built a very successful business out off a niche boring market

In 2017, Jeff
昨天，大家都来到了马克·卢在上海举办的聚会现场，想了解他是如何设计和开发产品的。

但最宝贵的教训并非来自马克。
这是杰夫发给我的，我在马克的聚会上认识了他。

他在一个看似毫无前景的冷门市场中打造出了非常成功的生意。

2017 年，杰夫",790,2,1,0,1,False,False,Latest,"1 reply, 2 likes, 1 bookmark, 790 views"
2086328182605766941,https://x.com/innovate_leo/status/2086328182605766941,Leo | Firsto.co,@innovate_leo,2026-08-09T05:46:15.000Z,#ShanghaiIndieHackers,781,6,0,1,0,False,False,Latest,"1 repost, 6 likes, Liked, 781 views"
2086320057999577088,https://x.com/Pauline_Cx/status/2086320057999577088,Pauline Cx,@Pauline_Cx,2026-08-09T05:13:58.000Z,"Wow that's impressive , stay safe.
Replace run activity with swimming after meetup 
哇，真是了不起！注意安全哦。
聚会结束后，用游泳来代替跑步活动吧  ",757,1,0,0,0,False,False,Top,"1 like, 757 views"
2086350769377439938,https://x.com/stephenprice100/status/2086350769377439938,Stephen Price,@stephenprice100,2026-08-09T07:16:00.000Z,"Insane typhoon in Shanghai today but made it to the Indie Hacker meetup in great spirits :)
今天上海的台风简直可怕，不过我还是以愉快的心情参加了 Indie Hacker 的聚会 :)",734,8,3,0,1,False,False,"Latest,Top","3 replies, 8 likes, 1 bookmark, 734 views"
2086410528927199731,https://x.com/bohdanbasov/status/2086410528927199731,Bohdan,@bohdanbasov,2026-08-09T11:13:28.000Z,"The Goat! Hope to meet you the same way one day!
那只山羊！希望有朝一日也能以同样的方式与你相遇！",718,5,1,0,0,False,False,Top,"1 reply, 5 likes, 718 views"
2086400311808442729,https://x.com/0xBashS/status/2086400311808442729,Bash,@0xBashS,2026-08-09T10:32:52.000Z,"Hey Marc. Was planning to come check it out today. Shame about the weather. Shanghai really hasn’t been kind  If you decide to run it again, happy to help get things sorted. Been living here for 8+ years, so I know the city pretty well. Hopefully we get better weather next
嘿，马克。我本来打算今天去看看的。可惜天气不太好。上海的天气真是变幻莫测啊。如果你决定再次举办活动，我很乐意帮忙安排一切。我在这里已经住了 8 年多了，对这座城市相当熟悉。希望下次天气能好一些吧。",707,1,0,0,0,False,False,Top,"1 like, 707 views"
2086366977636053496,https://x.com/Yuhao_Guo1018/status/2086366977636053496,Yuhao,@Yuhao_Guo1018,2026-08-09T08:20:24.000Z,"Hey Indie Hackers of Shanghai!

If you’re based in Shanghai or happened to be in Shanghai, let’s meet up tonight! Grab a drink

Me and my tech co-founder (AI engineer 10+ yrs experience) here. Look forward to meet more interesting people/founders
嗨，上海的独立黑客们！

如果你住在上海，或者恰好在上海，那么今晚让我们见面吧！在 0#这个地方一起喝一杯吧。

我和我的技术联合创始人在这里——他是一名拥有 10 多年经验的 AI 工程师。非常期待能结识更多有趣的人或创始人！",609,9,3,1,1,False,False,"Latest,Top","3 replies, 1 repost, 9 likes, 1 bookmark, 609 views"
2086744205523906769,https://x.com/offpaths/status/2086744205523906769,Dara,@offpaths,2026-08-10T09:19:23.000Z,"didn't make it cause of the typhoon :( 

maybe he does another meetup? 
@marclou
 
由于台风的缘故，我们没能参加：(

也许他会再组织一次聚会吧？ @marclou  ",584,6,2,0,0,False,False,Latest,"2 replies, 6 likes, Liked, 584 views"
2086317045260689559,https://x.com/Yiwei_growth/status/2086317045260689559,Yiwei,@Yiwei_growth,2026-08-09T05:02:00.000Z,"@SparkLab_City
 
Home was flooded
Insane typhoon in ShangHai…

Most unhinged meetup so far 
@marclou
 

@istabyang
 
@_koiwest_
 
@thisisCHUAN

 @SparkLab_City 
家里被水淹没了
上海遭遇了极其猛烈的台风……

到目前为止，这是最混乱、最难以理解的聚会了 @marclou 
 @istabyang @_koiwest_ @thisisCHUAN ",570,9,2,1,0,False,False,Top,"2 replies, 1 repost, 9 likes, Liked, 570 views"
2086748256059728361,https://x.com/SparkLab_City/status/2086748256059728361,Spark Lab,@SparkLab_City,2026-08-10T09:35:28.000Z,"The typhoon tried to stop us. It didn’t. 

Almost 100 indie hackers showed up and made this happen. Huge thanks to everyone 
台风试图阻止我们前进。但它没能得逞。  

几乎有 100 名独立开发者参与了这项工作，共同促成了这一成果。衷心感谢每一位参与者  ",536,12,0,0,0,True,False,"Latest,Top","12 likes, Liked, 536 views"
2086442797478162721,https://x.com/thisisCHUAN/status/2086442797478162721,CHUAN,@thisisCHUAN,2026-08-09T13:21:41.000Z,"Thanks for coming, 
@damonchen
! So great having you here — love seeing aspiring builders shoulder to shoulder 
谢谢你的到来， @damonchen ！有你在这里真是太好了——很高兴看到那些有抱负的建造者们能够并肩合作，  ",531,5,0,1,0,False,False,"Latest,Top","1 repost, 5 likes, 531 views"
2086318216125776188,https://x.com/Yuhao_Guo1018/status/2086318216125776188,Yuhao,@Yuhao_Guo1018,2026-08-09T05:06:39.000Z,"Hey, how about we change to another venue for the meetup?!

We're 5 minutes from Spark Lab, and supposedly many people are too! 

Due to the heavy weather, we'd only need space for 100 people if lucky, since not many folks can show up.
嘿，我们换个地方聚会怎么样？！

我们距离 Spark Lab 只有 5 分钟的路程，据说很多人也是这么认为的！

由于天气恶劣，就算运气好的话，我们也只能容纳 100 人而已，因为没多少人会来参加。",526,1,0,0,0,True,True,Top,"1 like, 526 views"
2086324984293835256,https://x.com/Jackleecong/status/2086324984293835256,Leer-sol,@Jackleecong,2026-08-09T05:33:32.000Z,太惨了，老哥来上海组织个聚会，遇到台风了,515,0,0,0,0,False,False,Latest,515 views
2086326718936293648,https://x.com/rain8miao/status/2086326718936293648,Rain Miao,@rain8miao,2026-08-09T05:40:26.000Z,"I got my gear
我拿到我的装备了。",495,6,0,0,1,False,False,"Latest,Top","6 likes, Liked, 1 bookmark, 495 views"
2086735123177931081,https://x.com/alexmacgregor__/status/2086735123177931081,Alex MacGregor,@alexmacgregor__,2026-08-10T08:43:17.000Z,"Data moat or network effects is the way. Anything that purely relies on models is gonna be up against er...the models!
数据护城河或网络效应才是关键。任何完全依赖模型的做法，最终都会受到……模型的制约吧！",448,3,2,0,0,False,False,Latest,"2 replies, 3 likes, 448 views"
2086726661048017062,https://x.com/_koiwest_/status/2086726661048017062,koiwest,@_koiwest_,2026-08-10T08:09:40.000Z,"Still can’t believe we actually pulled this off 

Shanghai gave us rain, insane humidity, a typhoon, and even a flooded venue — and somehow almost 100 indie hackers still showed up. 

Huge thanks to Marc for bringing this energy to Shanghai, and especially to 
@AltheaLaure_

还是不敢相信我们真的做到了  

上海给我们带来了暴雨、极高的湿度、台风，甚至还有被水淹没的举办场地——但尽管如此，仍有近 100 名独立开发者来到了现场。  

非常感谢马克将这种正能量带到了上海，尤其要感谢 @AltheaLaure_ 。",402,5,0,0,0,False,False,"Latest,Top","5 likes, Liked, 402 views"
2086420869874671967,https://x.com/lucas_martinic/status/2086420869874671967,Lucas Martinic,@lucas_martinic,2026-08-09T11:54:33.000Z,"Looks so fun, would love to go one time
看起来很有趣，真想去玩一次。",359,1,0,0,0,False,False,Top,"1 like, 359 views"
2086407059873161628,https://x.com/haileyinchina/status/2086407059873161628,HaleyPark,@haileyinchina,2026-08-09T10:59:41.000Z,"Made it through the Shanghai rain for the 
@marclou
 indie hacker meetup

So many people showed up even in this weather，Shoes completely soaked, but such a meaningful time!!
在 @marclou 独立黑客聚会上，成功度过了上海的雨天。

尽管天气恶劣，还是有很多人前来参加。大家的鞋子都湿透了，但这是一次非常有意义的经历！！",348,9,4,0,0,False,False,"Latest,Top","4 replies, 9 likes, 348 views"
2086722453532017127,https://x.com/lxz2677/status/2086722453532017127,李行之,@lxz2677,2026-08-10T07:52:57.000Z,"「从失业状态，到做烂产品，到拿到第一个付费客户，到迭代产品让它们变得更好。」

短短的一句话，有多少人死在了半路上？不过创业不就是这样吗？

以前在大厂工作的时候，就一直向往做一个独立开发者，可那时候下班很晚，总会给自己找借口拖延，说明天再干吧。",343,3,2,0,0,False,False,Latest,"2 replies, 3 likes, 343 views"
2086365302007505057,https://x.com/Yuhao_Guo1018/status/2086365302007505057,Yuhao,@Yuhao_Guo1018,2026-08-09T08:13:45.000Z,"Indie hackers! 

If you still wants to meet up in Shanghai, DM me and we can have dinner tonight!! Now we’re 3
独立黑客们！

如果你还是想在上海见面，就给我发私信吧，我们今晚可以一起吃晚饭！！现在一共有 3 个人了。",340,1,0,0,0,False,False,Top,"1 like, 340 views"
2086432370509688864,https://x.com/Danniel_hu/status/2086432370509688864,Daniel,@Danniel_hu,2026-08-09T12:40:15.000Z,"The biggest thing I learned from Marc:

Get excited about ideas and ship them as fast as possible. Great ideas allow you to look beyond marketing data and discover unique value for both yourself and your customers. Being the first to ship is key to gaining much more market share
我从马克身上学到的最重要的一点是：

对各种创意充满热情，尽快将其付诸实践吧。优秀的创意能帮助你超越市场数据本身，为你自己和客户创造独特的价值。率先行动是获取更多市场份额的关键。",293,0,0,0,0,False,False,"Latest,Top",293 views
2086325920667955624,https://x.com/Braxxxx_Li/status/2086325920667955624,Braxxxx,@Braxxxx_Li,2026-08-09T05:37:16.000Z,"just check the street, maybe got to swim to join you guys
只要看看街道上的情况吧，也许得游过去才能和你们会合呢。     ",281,0,0,0,0,False,False,Top,281 views
2086448031180918966,https://x.com/JasonDigital/status/2086448031180918966,Jason Barrett,@JasonDigital,2026-08-09T13:42:29.000Z,"These are exactly the type of people you want turning up after being stuck in traffic at your event.

Full of insights.
这些人正是你在活动现场遇到交通堵塞后希望出现的那种人。

充满了深刻的见解。",265,0,0,0,0,False,False,Top,265 views
2086490195793514965,https://x.com/tsiakin/status/2086490195793514965,tsiakin,@tsiakin,2026-08-09T16:30:02.000Z,"感谢Marc 的分享，猜猜图片里哪个是我。大家的口语都太好了，我是在AI的辅助下才能听懂Marc的分享。

冒着台风天气去见见独立开发者 Marc Lou --这位 93 年出生的独立开发者，现在靠自己的 Saas 产品 去年 ARR",260,3,0,0,0,False,False,"Latest,Top","3 likes, 260 views"
2086450778739204495,https://x.com/ylin_/status/2086450778739204495,Yi Lin,@ylin_,2026-08-09T13:53:24.000Z,"Almost made it there but turned back due to the flood that I saw – I have an injured foot. Flew from Taipei to join this though. Would love to meet fellow developers. If anyone is meeting, I’ll be here until Thursday.
差点就到了那里，但由于看到的洪水情况而不得不返回。我的脚受伤了。不过还是从台北飞了过来参加这次活动。很希望能遇到其他开发者。如果有人也在参加的话，我会在这里待到星期四。",256,1,0,0,0,False,False,Top,"1 like, 256 views"
2086880518272885115,https://x.com/RaulOnRails/status/2086880518272885115,Raul,@RaulOnRails,2026-08-10T18:21:02.000Z,"The way legendary indie hackers appreciate themselves in the global town square is proof that indie hacking is not dead and it’s a great community to be a part of, build, share, and meet IRL.
那些著名的独立黑客在全球范围内展示自己的风采的方式，恰恰证明了独立编程领域并未消亡。加入这个社区，可以一起学习、分享经验，甚至可以在现实生活中相遇。这确实是一个非常棒的社区。",227,0,0,0,0,False,False,Latest,227 views
2086423208086126612,https://x.com/tomcoustols/status/2086423208086126612,Tom,@tomcoustols,2026-08-09T12:03:51.000Z,"Although I craved going to this event, I spent the day securing first floor shop and utilities around Tongxiang, thanks for this event, the photos only are enough to make me feel so joyous! Merci Marc, Merci l'équipe de SparkLab!
虽然我很想参加这个活动，但这一天我都在桐乡市区忙着处理一楼商铺和各种设施的相关事宜。多亏了这个活动，那些照片就足以让我感到开心不已了！谢谢马克，也谢谢 SparkLab 的团队！",218,2,0,0,0,False,False,"Latest,Top","2 likes, Liked, 218 views"
2086477790891683886,https://x.com/ryantalks1024/status/2086477790891683886,Ryan,@ryantalks1024,2026-08-09T15:40:44.000Z,"Goals
目标/目的",217,4,0,0,0,False,False,"Latest,Top","4 likes, 217 views"
2086633610107404403,https://x.com/_HIT_SZ_/status/2086633610107404403,siuser小伟,@_HIT_SZ_,2026-08-10T01:59:55.000Z,会议纪要放这了 感兴趣的小伙伴自取哇,209,0,1,0,0,False,False,"Latest,Top","1 reply, 209 views"
2086418511614849267,https://x.com/HarryTandy/status/2086418511614849267,Harry Tandy,@HarryTandy,2026-08-09T11:45:11.000Z,"almost 100 people braving a typhoon for a meetup says a lot about the community you've built
几乎有 100 人不顾台风的侵袭前来参加聚会，这一事实充分体现了你们所建立的社区的凝聚力。",205,1,0,0,0,False,False,Top,"1 like, 205 views"
2086437800228848010,https://x.com/adammench/status/2086437800228848010,Adam Mench,@adammench,2026-08-09T13:01:50.000Z,"Wow Damon you seem to have built some amazing products! Bravo!! I hadn't heard of you before... living legend!
哇，达蒙，看来你创造了一些非常出色的产品啊！真棒！我之前还没听说过你呢……真是位传奇人物啊！",194,0,0,0,0,False,False,Top,194 views
2086808806118568271,https://x.com/mrgadgetstudio/status/2086808806118568271,mrgadget,@mrgadgetstudio,2026-08-10T13:36:05.000Z,"This really inspired me . 
It’s also how I approach SaaS and mobile apps: find real pain points in specific markets and build solutions around them. 
I use AI heavily to build, but I don’t build AI products. In the AI era, the real asset is customer relationships within a",193,1,0,1,1,False,False,Latest,"1 repost, 1 like, 1 bookmark, 193 views"
2086424649731121237,https://x.com/aibolik_/status/2086424649731121237,Aibol Kussain,@aibolik_,2026-08-09T12:09:35.000Z,"@grok
 imagine these people in a flooded floor
 @grok 想象一下，这些人身处被水淹没的地板上会怎样吧",179,0,0,0,0,False,False,Top,179 views
2086439052497362948,https://x.com/yann_shi_/status/2086439052497362948,Yann Shi,@yann_shi_,2026-08-09T13:06:48.000Z,"so honored to see two legends in the same frame!
能够看到两位传奇人物同框出现，真是令人激动不已！",170,1,0,0,0,False,False,Top,"1 like, 170 views"
2086422803977470328,https://x.com/staskulesh/status/2086422803977470328,Stas Kulesh,@staskulesh,2026-08-09T12:02:14.000Z,"One of my fav indie products, been using it for years at
这是我最喜欢的独立品牌产品之一，我已经使用多年了。",166,0,0,0,0,False,False,Top,166 views
2086810615918584131,https://x.com/youravgtechbro/status/2086810615918584131,Thomas Kim,@youravgtechbro,2026-08-10T13:43:16.000Z,"Biggest sign someone is ngmi 

is if they use the excuse of “you’re only successful bc you have an audience”",160,0,1,0,0,False,False,Latest,"1 reply, 160 views"
2086483382381502897,https://x.com/WentaoZ4382/status/2086483382381502897,Vincent Z.,@WentaoZ4382,2026-08-09T16:02:58.000Z,"Amazing meetup
真是次很棒的聚会啊。",157,0,0,0,0,False,False,"Latest,Top",157 views
2086410458647412855,https://x.com/MartinTale/status/2086410458647412855,Martin Tale,@MartinTale,2026-08-09T11:13:11.000Z,"Another one I have to follow now 
现在我必须关注的另一个人了  ",153,1,0,0,0,False,False,Top,"1 like, 153 views"
2086418752711586147,https://x.com/borrhensaidi/status/2086418752711586147,borhen saidi,@borrhensaidi,2026-08-09T11:46:09.000Z,"Really sad to see this. 
So many people probably traveled to Shanghai specifically for this meetup, only for the weather to make it impossible.
Hope everyone stays safe, and respect to the organizers for putting safety first.
看到这个真是让人难过。  
很多人可能专门前往上海参加这次聚会，但天气状况不佳，使得他们无法出席。
希望每个人都能平安无事，同时也要感谢组织者将安全放在首位。",151,1,1,0,0,False,False,Latest,"1 reply, 1 like, 151 views"
2086327686302228743,https://x.com/Yuhao_Guo1018/status/2086327686302228743,Yuhao,@Yuhao_Guo1018,2026-08-09T05:44:17.000Z,"well
嗯/好吧",149,1,3,0,0,False,False,"Latest,Top","3 replies, 1 like, 149 views"
2086779581126893602,https://x.com/hezhiqianye/status/2086779581126893602,Jason Jiang,@hezhiqianye,2026-08-10T11:39:57.000Z,原来如此，多谢分享。看来我也要这样！,142,1,1,0,0,False,False,Latest,"1 reply, 1 like, 142 views"
2086739714204111221,https://x.com/jungeAGI/status/2086739714204111221,俊哥AI,@jungeAGI,2026-08-10T09:01:32.000Z,没想到台风也没影响到 这堆独立开发者的热情,141,6,2,0,0,False,False,"Latest,Top","2 replies, 6 likes, Liked, 141 views"
2086655834654962037,https://x.com/MichaelSeries/status/2086655834654962037,Michael,@MichaelSeries,2026-08-10T03:28:13.000Z,"I just saw this meetup event one day before it and booked the flight immediately from Shenzhen to Shanghai. 
@marclou
 is incredibly kind, humble and inspiring! Learnt so much from him and hopefully we’ll meet again in Shenzhen or Hong Kong in the future!
就在这个聚会活动召开的前一天，我看到了相关消息，于是立刻从深圳订了去上海的机票。 @marclou 真是非常友善、谦逊且富有启发性的人！我从他身上学到了很多东西。希望将来能在深圳或香港再次与他见面！",136,2,1,0,1,False,False,"Latest,Top","1 reply, 2 likes, 1 bookmark, 136 views"
2086419431383838973,https://x.com/maheshnani122/status/2086419431383838973,Mahesh Nani,@maheshnani122,2026-08-09T11:48:50.000Z,"I wish I could have joined you guys
真希望我能和你们一起   ",132,1,0,0,0,False,False,Top,"1 like, 132 views"
2086381570626359509,https://x.com/ajay4ai/status/2086381570626359509,Ajay,@ajay4ai,2026-08-09T09:18:24.000Z,"china living in 2078

meanwhile china:
2078 年的中国生活

与此同时，中国：",127,0,0,0,0,False,False,"Latest,Top",127 views
2086814107504955826,https://x.com/SpringHaoAI/status/2086814107504955826,Spring Hao,@SpringHaoAI,2026-08-10T13:57:09.000Z,"这个人只打造两类初创项目：
1）十年内不会被人工智能颠覆的项目。做的初创交易平台（TrustMRR）仅凭一段提示词就能复刻，但两万名买家构成的关系网络无法复制。信任会随时间不断积累增值。",127,1,1,0,0,False,False,Latest,"1 reply, 1 like, 127 views"
2086759105260343713,https://x.com/TKnowledgeBase/status/2086759105260343713,Shota Nagafuchi / AEO,@TKnowledgeBase,2026-08-10T10:18:35.000Z,"We are trustful GEO monitor.
我们是值得信赖的 GEO 监测机构。",126,0,0,0,0,False,False,Latest,126 views
2086440831213515027,https://x.com/yann_shi_/status/2086440831213515027,Yann Shi,@yann_shi_,2026-08-09T13:13:53.000Z,"really learned a lot today, thanks Marc!
今天真的学到了很多东西，谢谢 Marc！",124,0,0,0,0,False,False,Top,124 views
2086689656608006633,https://x.com/youcc/status/2086689656608006633,Chad You 尤哥,@youcc,2026-08-10T05:42:37.000Z,谁会是下一个Damon 或 Marc？ 评论区见,119,0,0,0,0,False,False,Latest,119 views
2086323304655372627,https://x.com/mohils_eth/status/2086323304655372627,mo she,@mohils_eth,2026-08-09T05:26:52.000Z,"#China today after heavy typhoon and rain.
 #China 今天是遭受了强烈台风和暴雨之后的一天。",105,0,0,0,0,False,False,Latest,105 views
2086839325778379242,https://x.com/Alexislamouv/status/2086839325778379242,Alexis ,@Alexislamouv,2026-08-10T15:37:21.000Z,"My new project will be about trust. 
See below :) !


我的新项目将围绕信任展开。
请参见下方内容：）！

",98,0,1,0,0,False,False,Latest,"1 reply, 98 views"
2086386936541843900,https://x.com/HorizonXBT/status/2086386936541843900,Horizon Strategy| Web3 & AI Adoption,@HorizonXBT,2026-08-09T09:39:43.000Z,"So apparently, it's not only Nigeria  that gets flooded
显然，不只是尼日利亚遭遇了洪灾。",97,1,0,0,0,False,False,"Latest,Top","1 like, 97 views"
2086356888174956562,https://x.com/auula_/status/2086356888174956562,Leon Ding,@auula_,2026-08-09T07:40:19.000Z,"I'm sorry, the unexpected weather today prevented me from meeting you. You are my idol!
很抱歉，今天的天气不好，导致我无法与您见面。您是我的偶像啊！",95,0,0,0,0,False,False,Latest,95 views
2086369965394063373,https://x.com/fantexi997/status/2086369965394063373,饭特稀 | Fentix,@fantexi997,2026-08-09T08:32:17.000Z,"Everyone who left today is a true fan
今天离开的每一个人，都是真正的粉丝。",88,0,0,0,0,False,False,Top,88 views
2086708752116592680,https://x.com/AdityaUmale17/status/2086708752116592680,Aditya Umale,@AdityaUmale17,2026-08-10T06:58:30.000Z,"I built graspnote because everyone was talking about personal wikis that time and it solved my problem too
我创建了 GraspNote，因为当时大家都在谈论个人维基网站，而这个工具正好解决了我的需求。",86,2,0,0,0,False,False,Latest,"2 likes, 86 views"
2086655689032929730,https://x.com/WentaoZ4382/status/2086655689032929730,Vincent Z.,@WentaoZ4382,2026-08-10T03:27:39.000Z,"Strongly agree with this. You can’t fool yourself for long.

To do something well and keep going when it gets hard, you have to genuinely care about it.

Real long-term thinking isn’t about chasing every new trend. It’s about choosing a direction you truly believe in and sticking
完全同意这一点。你不可能长期自欺欺人下去。

要出色地完成一件事，并在遇到困难时仍然继续前进，你就必须真心关心这件事。

真正的长期思考并非是追逐每一个新的潮流。而是要选择一个你真正相信的方向，并坚持朝着那个方向前进。",85,1,0,0,0,False,False,Latest,"1 like, 85 views"
2086427646154686539,https://x.com/samigrows/status/2086427646154686539,Sami | SEO AI,@samigrows,2026-08-09T12:21:29.000Z,People are willing to learn from you,84,0,0,0,0,False,False,Top,84 views
2086840774629404815,https://x.com/Alexislamouv/status/2086840774629404815,Alexis ,@Alexislamouv,2026-08-10T15:43:06.000Z,"This post is made completely with an AI proof product, see below :)
这篇帖子完全是由人工智能生成的产品所创作的，请查看下方的内容吧 :)",83,2,1,0,0,False,False,Latest,"1 reply, 2 likes, 83 views"
2086414985534603303,https://x.com/joe_ashwell/status/2086414985534603303,Joe,@joe_ashwell,2026-08-09T11:31:10.000Z,"one of the nicest accounts out there
这是最棒的账号之一了。",82,0,0,0,0,False,False,Top,82 views
2086715868059521516,https://x.com/pranjalsoni_/status/2086715868059521516,Pranjal Soni,@pranjalsoni_,2026-08-10T07:26:46.000Z,"shanghai state is this

what about nearby villages

seems like
china still has development to do
上海属于哪个国家/地区呢？

那附近的村庄怎么样呢？

看起来像是/似乎如此
中国仍有发展空间。",77,1,0,0,0,False,False,Latest,"1 like, 77 views"
2086449536059285776,https://x.com/codymclain/status/2086449536059285776,Cody McLain,@codymclain,2026-08-09T13:48:28.000Z,"documenting the journey is often as valuable as the destination itself
记录这段旅程的过程，往往与抵达的目的地本身一样有价值。",72,2,0,0,0,False,False,Top,"2 likes, 72 views"
2086743945573539992,https://x.com/manoj_surya_/status/2086743945573539992,Manoj Surya,@manoj_surya_,2026-08-10T09:18:21.000Z,"I am wondering, after a few years, with whom I will be having similar conversations.
我在想，几年之后，我会和谁一起进行类似的对话呢？",72,1,0,0,0,False,False,Latest,"1 like, 72 views"
2086405831923466359,https://x.com/gosailjasonzhu/status/2086405831923466359,GoSail Lab 拓海矩阵,@gosailjasonzhu,2026-08-09T10:54:48.000Z,"Welcome to Shanghai.
I saw you in many online community. 
Hope to see you one day.
欢迎来到上海。
我在很多在线社区里都看到过你。
希望有一天能见到你。",64,0,0,0,0,False,False,Latest,64 views
2086403354448764989,https://x.com/Cloud_Neutral/status/2086403354448764989,Haitao Pan,@Cloud_Neutral,2026-08-09T10:44:57.000Z,台风天参加了一群自由职业开发者的分享，其中还有带着娃的奶爸，顺便感受了“乌鲁木齐路”的海景奇观，车在水中游，接下来，继续等待我的海外EIN审批流程和相关服务的开通！,62,0,0,0,0,False,False,Latest,62 views
2086474101577912571,https://x.com/Mulin_W_/status/2086474101577912571,Mulin_霖,@Mulin_W_,2026-08-09T15:26:05.000Z,"What a crazy event amidst the crazy weather!
在如此恶劣的天气里，还能发生这么疯狂的事情！",58,2,0,0,0,False,False,"Latest,Top","2 likes, 58 views"
2086718232829067603,https://x.com/vansh22b/status/2086718232829067603,Vansh,@vansh22b,2026-08-10T07:36:10.000Z,"But china is living in 2069 sarr.
但是，中国现在正处于 2069 年。",54,2,1,0,1,False,False,Latest,"1 reply, 2 likes, 1 bookmark, 54 views"
2086717539325731103,https://x.com/clintonagburum/status/2086717539325731103,Clinton,@clintonagburum,2026-08-10T07:33:25.000Z,"Nice one. Personally I try to build products I know I need and would love to see exist.
干得不错。我个人会努力打造那些我知道自己需要，并且很希望看到它们存在的产品。",54,0,0,0,0,False,False,Latest,54 views
2086680188621062424,https://x.com/lashimao/status/2086680188621062424,打印打印,@lashimao,2026-08-10T05:05:00.000Z,"两个独立开发者在网上认识多年，终于线下见面。他们都走过失业、做烂产品、拿到第一个付费客户，再一点点迭代的路。

这种经历比“7 天做出爆款”可信多了。",53,0,0,0,0,False,False,"Latest,Top",53 views
2086793163729993919,https://x.com/ptomelitsch/status/2086793163729993919,Patrick Tomelitsch,@ptomelitsch,2026-08-10T12:33:55.000Z,"That will also count for the numerous upcoming pivots…
这同样适用于未来即将出现的各种转变……",53,0,0,0,0,False,False,Latest,53 views
2086741089936154710,https://x.com/GlobalAgingAI/status/2086741089936154710,Wayne Duan｜AI与小公司运营,@GlobalAgingAI,2026-08-10T09:07:00.000Z,"在AI这个大背景下，创始人一定要选对赛道，不然就会成为先烈。

大家怎么看， 
@marclou
 的这三个标准：
1）AI 10年内替代不了的事情；
2）紧跟热门趋势；
3）基于自己的好奇心",51,0,0,0,0,False,False,Latest,51 views
2086740838114062698,https://x.com/JustRouzbeh/status/2086740838114062698,Rouzbeh,@JustRouzbeh,2026-08-10T09:06:00.000Z,"Building something I actually want to use myself has become one of my favorite filters. Trends come and go, but being your own user makes it much easier to know what should come next
打造自己真正想使用的东西，已成为我最喜欢的做事方式之一。潮流来来去去，但如果你自己就是产品的使用者，就能更轻松地判断接下来该做什么。",50,1,0,0,0,False,False,Latest,"1 like, 50 views"
2086862890649170242,https://x.com/savmazza/status/2086862890649170242,Saverio Mazza,@savmazza,2026-08-10T17:10:59.000Z,"I’m having a lot of fun building my own tool

Let’s see
我正在自己制作工具，过程非常有趣。

让我们看看吧。",43,0,0,0,0,False,False,Latest,43 views
2086474488334753982,https://x.com/taaneo_/status/2086474488334753982,TAANEO,@taaneo_,2026-08-09T15:27:37.000Z,"bro, I work in shanghai for about 16 years before,but never see rain like this
this year I left shanghai
you first time come and see the big rain 
兄弟，我之前在上海工作了大约 16 年，但从没见过这么大的雨。
今年我离开了上海。
你第一次来这儿，亲眼目睹了如此大的雨势呢  ",38,1,0,0,0,False,False,Latest,"1 like, Liked, 38 views"
2086674083370918000,https://x.com/lyndonz7u/status/2086674083370918000,Vantix,@lyndonz7u,2026-08-10T04:40:44.000Z,"Don't easily laugh at every developer who is making crappy products, but still insists on how to make them well
不要轻易嘲笑那些制作出糟糕产品的开发者，他们虽然如此，但仍然坚持要将这些产品改进得更好。",37,0,0,0,0,False,False,Latest,37 views
2087037854509572554,https://x.com/_HIT_SZ_/status/2087037854509572554,siuser小伟,@_HIT_SZ_,2026-08-11T04:46:14.000Z,"https://
siuserxiaowei.github.io/spark-meetup-d
eep-dive/en/
…

is here
 
https://
siuserxiaowei.github.io/spark-meetup-d
eep-dive/en/
… 

就在这里。",36,0,0,0,0,False,False,Latest,36 views
2086674391606391289,https://x.com/dennis_huangbei/status/2086674391606391289,bays wong,@dennis_huangbei,2026-08-10T04:41:58.000Z,忽略噪音，汲取精华，加油,35,0,1,0,0,False,False,Latest,"1 reply, 35 views"
2086792160498893056,https://x.com/Goglobal_to/status/2086792160498893056,Goglobal,@Goglobal_to,2026-08-10T12:29:56.000Z," Meetup
  相聚活动",28,1,0,0,0,False,False,"Latest,Top","1 like, 28 views"
2086742129032769685,https://x.com/kendeng_me/status/2086742129032769685,Kendeng | AI Visuals,@kendeng_me,2026-08-10T09:11:08.000Z,"Passion is the greatest driving force. 

It’s not about the money, but about fulfilling your innermost passions while also earning an income.
激情是最强大的驱动力。

这并非关于金钱的问题，而是如何在获得收入的同时实现自己的内心渴望。",28,0,0,0,0,False,False,Latest,28 views
2086729310224925028,https://x.com/UsmanDrigrocha/status/2086729310224925028,Usman Drigrocha,@UsmanDrigrocha,2026-08-10T08:20:11.000Z,"true

anybody can copy TrustMRR but they can't copy the users 

same with Stripe

anybody can build APIs for payments but its more than APIs
(compliance, licenses, banks network etc...)
真实/正确

任何人都可以复制 TrustMRR 的机制，但却无法复制其用户群体。

Stripe 也是如此。

任何人都可以开发用于支付的 API，但其中涉及的远不止 API 本身。
（合规性、许可证、银行网络等）",27,0,0,0,0,False,False,Latest,27 views
2086897782812549501,https://x.com/mesutas_dev/status/2086897782812549501,Mesut KILINCASLAN,@mesutas_dev,2026-08-10T19:29:38.000Z,"The network point is the whole thing  Code is copyable, a base of buyers who already trust you is not. Trends get you the first spike, the network is what keeps the revenue after the spike fades.
网络效应才是决定性的因素。  代码是可以复制的，但那些已经信任你的客户群体则不可复制。趋势能带来最初的爆发性增长，而网络效应则能确保在趋势消退后，收入依然能够持续。",25,0,0,0,0,False,False,Latest,25 views
2086949854090039628,https://x.com/MehdiGatbache/status/2086949854090039628,Mehdi Gatbache,@MehdiGatbache,2026-08-10T22:56:33.000Z,"Maybe I should ride trends more. It’s the only way to get visibility early on without an audience.
也许我应该多顺应潮流一些。在没有观众的情况下，这是尽早获得关注的唯一办法。",24,0,0,0,0,False,False,Latest,24 views
2086738985590587693,https://x.com/zahuierik/status/2086738985590587693,Riki,@zahuierik,2026-08-10T08:58:38.000Z,"Everyone starts at a fuckin social network damn
每个人不都是从该死的社交网络开始的吗？",23,0,0,0,0,False,False,Latest,23 views
2086831230356746445,https://x.com/Napoleon__Bon/status/2086831230356746445,Napoleon Bonaparte,@Napoleon__Bon,2026-08-10T15:05:11.000Z,"Chris Park announced a new Agentic Tool is coming to 𝕏

It will let 𝕏 users build their own tools using the 𝕏 API

When I asked when it's coming, Chris said ""Very soon""
Chris Park 宣布，一款新的代理工具即将在𝕏上推出。

它允许𝕏的用户利用𝕏 API 来构建自己的工具。

当我询问它什么时候会到时，克里斯说：“很快就会到。”",22,1,0,0,0,False,False,Latest,"1 like, 22 views"
2086439612462039302,https://x.com/terence_ge/status/2086439612462039302,TG,@terence_ge,2026-08-09T13:09:02.000Z,,22,0,0,0,0,False,False,Latest,22 views
2086789887270035497,https://x.com/Volumnai2026/status/2086789887270035497,Volumn.ai,@Volumnai2026,2026-08-10T12:20:54.000Z," Indie Hackers Meetup
  独立开发者聚会",21,0,0,0,0,False,False,"Latest,Top",21 views
2086985192888295446,https://x.com/Magggic8/status/2086985192888295446,Magggic,@Magggic8,2026-08-11T01:16:58.000Z,"This is so wholesome.
Going from following each other online to finally meeting in person is really meaningful. Damon’s transparent sharing back then genuinely pointed a lot of people in the right direction.
Hope you both keep doing great.
这真是太美好了。
从在线上互相关注，到最终能够当面见面，这真是意义非凡。当时，达蒙的坦诚分享确实为很多人指明了正确的方向。
希望你们俩都能继续保持出色的表现。",18,0,0,0,0,False,False,"Latest,Top",18 views
2086690816337334412,https://x.com/DanielFan777/status/2086690816337334412,Charles Harry,@DanielFan777,2026-08-10T05:47:14.000Z,,18,0,0,0,0,False,False,Latest,18 views
2087048780700917926,https://x.com/robinkunz_/status/2087048780700917926,ً,@robinkunz_,2026-08-11T05:29:39.000Z,"moat moat moat

in last 10, 15yrs majority of moats were speed

that will change!!!!

In the earliest days of a startup, speed of development and iteration was the primary moat. The ability to build and ship quickly beats larger organizations mired ir bureaucracy

other, more
护城河啊护城河啊

在过去的 10 到 15 年里，大多数“护城河”其实都是靠速度来形成的。

那将会改变！！！！

在初创公司的早期阶段，开发与迭代的效率是决定其成败的关键因素。能够快速构建和推出产品，就能战胜那些被官僚主义束缚的庞大企业。

其他，更多而已。",13,0,1,5,0,False,False,Latest,"1 reply, 5 reposts, 13 views"
2086466306585596023,https://x.com/AnurakKitt98717/status/2086466306585596023,Anurak Kittisak,@AnurakKitt98717,2026-08-09T14:55:06.000Z,"Sounds like you're stoked about something! What's the exciting newsd.
听起来你好像很高兴呢！到底有什么好消息啊？",11,0,0,0,0,False,False,Latest,11 views
2087027597108527106,https://x.com/keieiyu/status/2087027597108527106,経営悠,@keieiyu,2026-08-11T04:05:28.000Z,"インディーハッカーの軌跡見てると自分も推し案件増やしたくなるわ
看着那些独立黑客的奋斗历程，我也想多推荐一些项目了。",10,0,0,0,0,False,False,"Latest,Top",10 views
2086752705985548710,https://x.com/buildwithhand/status/2086752705985548710,HAND Builds,@buildwithhand,2026-08-10T09:53:09.000Z,"RULES:
Build something AI can’t easily replace
Ride trends when attention is there
Build things you use yourself
规则：
打造出人工智能难以替代的东西
在人们关注的趋势上顺势而为吧。
打造自己会用的东西吧。",9,0,0,0,0,False,False,Latest,9 views
2086766887023616474,https://x.com/saen_dev/status/2086766887023616474,Saeed Anwar,@saen_dev,2026-08-10T10:49:30.000Z,"Builders who document the journey in public earn the right to fill a room before they book a venue. Community compounds differently than software does.
那些将整个过程公开记录下来的建筑商，就有权在预订场地之前先占用那个空间。社区的管理方式与软件的运作方式有所不同。",7,0,0,0,0,False,False,Latest,7 views
2086664266485248064,https://x.com/ZachFeng/status/2086664266485248064,Zach Feng,@ZachFeng,2026-08-10T04:01:44.000Z,真实的分享本身就是一种价值,7,0,0,0,0,False,False,Latest,7 views
2086864653863535097,https://x.com/antoine_cre/status/2086864653863535097,Antoine,@antoine_cre,2026-08-10T17:18:00.000Z,"Network as a Moat (NaaM ?) should be the new metric

Building has never been easier, yet as a founder you must think about your defendability
将网络视为一个安全的屏障（NaaM？）应该成为新的衡量标准。

现在建造房屋变得前所未有的简单了，不过作为创始人，你仍然需要考虑自己的防御能力。",2,0,0,0,0,False,False,Latest,2 views
